표제어,target_code,품사,기본형발음,활용형,활용발음,유형,장음
갈다02,7335,동사,갈ː다,갈아,가라,모음어미,False
갈다02,7335,동사,갈ː다,가니,가ː니,자음어미,True
갈다02,7335,동사,갈ː다,가오,가ː오,ㄹ탈락-오,True
갈다03,387475,동사,갈ː다,갈아,가라,모음어미,False
갈다03,387475,동사,갈ː다,가니,가ː니,자음어미,True
갈다03,387475,동사,갈ː다,가오,가ː오,ㄹ탈락-오,True
감다01,387438,동사,감ː따,감아,가마,모음어미,False
감다01,387438,동사,감ː따,감으니,가므니,모음어미,False
감다02,6165,동사,감ː따,감아,가마,모음어미,False
감다02,6165,동사,감ː따,감으니,가므니,모음어미,False
감다03,387622,동사,감ː따,감아,가마,모음어미,False
감다03,387622,동사,감ː따,감으니,가므니,모음어미,False
감다04,6166,형용사,감ː따,감아,가마,모음어미,False
감다04,6166,형용사,감ː따,감으니,가므니,모음어미,False
돌다,416923,동사,돌ː다,돌아,도라,모음어미,False
돌다,416923,동사,돌ː다,도니,도ː니,자음어미,True
돌다,416923,동사,돌ː다,도오,도ː오,ㄹ탈락-오,True
돕다,412091,동사,돕ː따,도와,도와,모음어미,False
돕다,412091,동사,돕ː따,도우니,도우니,모음어미,False
돕다,412091,동사,돕ː따,돕는,돔ː는,자음어미,True
되다02,90724,동사,되ː다/뒈ː다,되어,되어/뒈여,모음어미,False
되다02,90724,동사,되ː다/뒈ː다,돼,돼ː,축약,True
되다02,90724,동사,되ː다/뒈ː다,되니,되ː니/뒈ː니,자음어미,True
되다04,416106,형용사,되ː다/뒈ː다,되어,되어/뒈여,모음어미,False
되다04,416106,형용사,되ː다/뒈ː다,돼,돼ː,축약,True
되다04,416106,형용사,되ː다/뒈ː다,되니,되ː니/뒈ː니,자음어미,True
땋다,416558,동사,따ː타,땋아,따아,모음어미,False
땋다,416558,동사,따ː타,땋으니,따으니,모음어미,False
땋다,416558,동사,따ː타,땋는,딴ː는,자음어미,True
땋다,416558,동사,따ː타,땋소,따ː쏘,자음어미,True
때다01,98529,동사,때ː다,때어,때어,모음어미,False
때다01,98529,동사,때ː다,때,때ː,축약,True
때다01,98529,동사,때ː다,때니,때ː니,자음어미,True
때다02,98530,동사,때ː다,때어,때어,모음어미,False
때다02,98530,동사,때ː다,때,때ː,축약,True
때다02,98530,동사,때ː다,때니,때ː니,자음어미,True
때다03,98531,동사,때ː다,때어,때어,모음어미,False
때다03,98531,동사,때ː다,때,때ː,축약,True
때다03,98531,동사,때ː다,때니,때ː니,자음어미,True
떨다01,418961,동사,떨ː다,떨어,떠러,모음어미,False
떨다01,418961,동사,떨ː다,떠니,떠ː니,자음어미,True
떨다01,418961,동사,떨ː다,떠오,떠ː오,ㄹ탈락-오,True
떨다02,99670,동사,떨ː다,떨어,떠러,모음어미,False
떨다02,99670,동사,떨ː다,떠니,떠ː니,자음어미,True
떨다02,99670,동사,떨ː다,떠오,떠ː오,ㄹ탈락-오,True
떫다,418860,형용사,떨ː따,떫어,떨ː버,모음어미,True
떫다,418860,형용사,떨ː따,떫으니,떨ː브니,모음어미,True
떫다,418860,형용사,떨ː따,떫고,떨ː꼬,자음어미,True
떫다,418860,형용사,떨ː따,떫지,떨ː찌,자음어미,True
떼다01,418583,동사,떼ː다,떼어,떼어,모음어미,False
떼다01,418583,동사,떼ː다,떼,떼ː,축약,True
떼다01,418583,동사,떼ː다,떼니,떼ː니,자음어미,True
떼다02,97665,동사,떼ː다,떼어,떼어,모음어미,False
떼다02,97665,동사,떼ː다,떼,떼ː,축약,True
떼다02,97665,동사,떼ː다,떼니,떼ː니,자음어미,True
띄다01,419343,동사,띠ː다,띄어,띠어/띠여,모음어미,False
띄다01,419343,동사,띠ː다,띄니,띠ː니,자음어미,True
띠다01,419920,동사,띠ː다,띠어,띠어/띠여,모음어미,False
띠다01,419920,동사,띠ː다,뗘,뗘ː,축약,True
띠다01,419920,동사,띠ː다,띠니,띠ː니,자음어미,True
마다01,107182,동사,마ː다,마,마,기타,False
마다01,107182,동사,마ː다,마니,마ː니,자음어미,True
많다,422831,형용사,만ː타,많아,마ː나,모음어미,True
많다,422831,형용사,만ː타,많으니,마ː느니,모음어미,True
많다,422831,형용사,만ː타,많소,만ː쏘,자음어미,True
말다03,426667,동사/보조 동사,말ː다,말아,마라,모음어미,False
말다03,426667,동사/보조 동사,말ː다,마니,마ː니,자음어미,True
말다03,426667,동사/보조 동사,말ː다,마오,마ː오,ㄹ탈락-오,True
매다01,423767,동사,매ː다,매어,매어,모음어미,False
매다01,423767,동사,매ː다,매,매ː,축약,True
매다01,423767,동사,매ː다,매니,매ː니,자음어미,True
매다02,113319,동사,매ː다,매어,매어,모음어미,False
매다02,113319,동사,매ː다,매,매ː,축약,True
매다02,113319,동사,매ː다,매니,매ː니,자음어미,True
멀다01,421703,동사,멀ː다,멀어,머ː러,모음어미,True
멀다01,421703,동사,멀ː다,머니,머ː니,자음어미,True
멀다01,421703,동사,멀ː다,머오,머ː오,ㄹ탈락-오,True
멀다02,421921,형용사,멀ː다,멀어,머ː러,모음어미,True
멀다02,421921,형용사,멀ː다,머니,머ː니,자음어미,True
멀다02,421921,형용사,멀ː다,머오,머ː오,ㄹ탈락-오,True
메다01,113762,동사,메ː다,메어,메어,모음어미,False
메다01,113762,동사,메ː다,메,메ː,축약,True
메다01,113762,동사,메ː다,메니,메ː니,자음어미,True
메다02,421275,동사,메ː다,메어,메어,모음어미,False
메다02,421275,동사,메ː다,메,메ː,축약,True
메다02,421275,동사,메ː다,메니,메ː니,자음어미,True
메다03,113916,동사,메ː다,메어,메어,모음어미,False
메다03,113916,동사,메ː다,메,메ː,축약,True
메다03,113916,동사,메ː다,메니,메ː니,자음어미,True
모다,425284,동사,모ː다,모아,모아,모음어미,False
모다,425284,동사,모ː다,뫄,뫄ː,축약,True
모다,425284,동사,모ː다,모니,모ː니,자음어미,True
몰다,425613,동사,몰ː다,몰아,모라,모음어미,False
몰다,425613,동사,몰ː다,모니,모ː니,자음어미,True
몰다,425613,동사,몰ː다,모오,모ː오,ㄹ탈락-오,True
뫼다,426412,동사,뫼ː다/뭬ː다,뫼어,뫼어/뭬여,모음어미,False
뫼다,426412,동사,뫼ː다/뭬ː다,뫠,뫠ː,축약,True
뫼다,426412,동사,뫼ː다/뭬ː다,뫼니,뫼ː니/뭬ː니,자음어미,True
묻다03,124951,동사,묻ː따,물어,무러,모음어미,False
묻다03,124951,동사,묻ː따,물으니,무르니,모음어미,False
묻다03,124951,동사,묻ː따,묻고,묻ː꼬,자음어미,True
물다01,429082,동사,물ː다,물어,무러,모음어미,False
물다01,429082,동사,물ː다,무니,무ː니,자음어미,True
물다01,429082,동사,물ː다,무오,무ː오,ㄹ탈락-오,True
미다01,127108,동사,미ː다,미어,미어/미여,모음어미,False
미다01,127108,동사,미ː다,며,며ː,축약,True
미다01,127108,동사,미ː다,미니,미ː니,자음어미,True
미다02,425325,동사,미ː다,미어,미어/미여,모음어미,False
미다02,425325,동사,미ː다,며,며ː,축약,True
미다02,425325,동사,미ː다,미니,미ː니,자음어미,True
미다03,127109,동사,미ː다,미어,미어/미여,모음어미,False
미다03,127109,동사,미ː다,며,며ː,축약,True
미다03,127109,동사,미ː다,미니,미ː니,자음어미,True
밀다01,431438,동사,밀ː다,밀어,미러,모음어미,False
밀다01,431438,동사,밀ː다,미니,미ː니,자음어미,True
밀다01,431438,동사,밀ː다,미오,미ː오,ㄹ탈락-오,True
밞다,134835,동사,밤ː따,밞아,발마,모음어미,False
밞다,134835,동사,밤ː따,밞으니,발므니,모음어미,False
밞다,134835,동사,밤ː따,밞고,밤ː꼬,자음어미,True
밞다,134835,동사,밤ː따,밞는,밤ː는,자음어미,True
밞다,134835,동사,밤ː따,밞지,밤ː찌,자음어미,True
밟다,134838,동사,밥ː따,밟아,발바,모음어미,False
밟다,134838,동사,밥ː따,밟으니,발브니,모음어미,False
밟다,134838,동사,밥ː따,밟고,밥ː꼬,자음어미,True
밟다,134838,동사,밥ː따,밟는,밤ː는,자음어미,True
밟다,134838,동사,밥ː따,밟지,밥ː찌,자음어미,True
개다01,11549,동사,개ː다,개어,개어,모음어미,False
개다01,11549,동사,개ː다,개,개ː,축약,True
개다01,11549,동사,개ː다,개니,개ː니,자음어미,True
개다02,389168,동사,개ː다,개어,개어,모음어미,False
개다02,389168,동사,개ː다,개,개ː,축약,True
개다02,389168,동사,개ː다,개니,개ː니,자음어미,True
개다03,389169,동사,개ː다,개어,개어,모음어미,False
개다03,389169,동사,개ː다,개,개ː,축약,True
개다03,389169,동사,개ː다,개니,개ː니,자음어미,True
배다01,430067,동사,배ː다,배어,배어,모음어미,False
배다01,430067,동사,배ː다,배,배ː,축약,True
배다01,430067,동사,배ː다,배니,배ː니,자음어미,True
배다02,136970,동사,배ː다,배어,배어,모음어미,False
배다02,136970,동사,배ː다,배,배ː,축약,True
배다02,136970,동사,배ː다,배니,배ː니,자음어미,True
뱉다,434044,동사,밷ː따,뱉어,배터,모음어미,False
뱉다,434044,동사,밷ː따,뱉으니,배트니,모음어미,False
뱉다,434044,동사,밷ː따,뱉는,밴ː는,자음어미,True
벌다01,139892,동사,벌ː다,벌어,버ː러,모음어미,True
벌다01,139892,동사,벌ː다,버니,버ː니,자음어미,True
벌다01,139892,동사,벌ː다,버오,버ː오,ㄹ탈락-오,True
벌다02,433480,동사,벌ː다,벌어,버ː러,모음어미,True
벌다02,433480,동사,벌ː다,버니,버ː니,자음어미,True
벌다02,433480,동사,벌ː다,버오,버ː오,ㄹ탈락-오,True
벌다03,139893,형용사,벌ː다,벌어,버ː러,모음어미,True
벌다03,139893,형용사,벌ː다,버니,버ː니,자음어미,True
벌다03,139893,형용사,벌ː다,버오,버ː오,ㄹ탈락-오,True
베다01,429707,동사,베ː다,베어,베어,모음어미,False
베다01,429707,동사,베ː다,베,베ː,축약,True
베다01,429707,동사,베ː다,베니,베ː니,자음어미,True
베다02,429852,동사,베ː다,베어,베어,모음어미,False
베다02,429852,동사,베ː다,베,베ː,축약,True
베다02,429852,동사,베ː다,베니,베ː니,자음어미,True
뵈다01,432591,동사,뵈ː다/붸ː다,뵈어,뵈어/붸여,모음어미,False
뵈다01,432591,동사,뵈ː다/붸ː다,봬,봬ː,축약,True
뵈다01,432591,동사,뵈ː다/붸ː다,뵈니,뵈ː니/붸ː니,자음어미,True
뵈다02,152354,동사,뵈ː다/붸ː다,뵈어,뵈어/붸여,모음어미,False
뵈다02,152354,동사,뵈ː다/붸ː다,봬,봬ː,축약,True
뵈다02,152354,동사,뵈ː다/붸ː다,뵈니,뵈ː니/붸ː니,자음어미,True
뵈다03,152607,동사,뵈ː다/붸ː다,뵈어,뵈어/붸여,모음어미,False
뵈다03,152607,동사,뵈ː다/붸ː다,봬,봬ː,축약,True
뵈다03,152607,동사,뵈ː다/붸ː다,뵈니,뵈ː니/붸ː니,자음어미,True
붇다,435959,동사,붇ː따,불어,부러,모음어미,False
붇다,435959,동사,붇ː따,불으니,부르니,모음어미,False
붇다,435959,동사,붇ː따,붇는,분ː는,자음어미,True
불다,435294,동사,불ː다,불어,부러,모음어미,False
불다,435294,동사,불ː다,부니,부ː니,자음어미,True
불다,435294,동사,불ː다,부오,부ː오,ㄹ탈락-오,True
붓다01,159011,동사,붇ː따,부어,부어,모음어미,False
붓다01,159011,동사,붇ː따,부으니,부으니,모음어미,False
붓다01,159011,동사,붇ː따,붓는,분ː는,자음어미,True
붓다02,437210,동사,붇ː따,부어,부어,모음어미,False
붓다02,437210,동사,붇ː따,부으니,부으니,모음어미,False
붓다02,437210,동사,붇ː따,붓는,분ː는,자음어미,True
비다01,437072,동사,비ː다,비어,비어/비여,모음어미,False
비다01,437072,동사,비ː다,벼,벼ː,축약,True
비다01,437072,동사,비ː다,비니,비ː니,자음어미,True
빌다01,438141,동사,빌ː다,빌어,비러,모음어미,False
빌다01,438141,동사,빌ː다,비니,비ː니,자음어미,True
빌다01,438141,동사,빌ː다,비오,비ː오,ㄹ탈락-오,True
빌다02,168532,동사,빌ː다,빌어,비러,모음어미,False
빌다02,168532,동사,빌ː다,비니,비ː니,자음어미,True
빌다02,168532,동사,빌ː다,비오,비ː오,ㄹ탈락-오,True
빻다,156471,동사,빠ː타,빻아,빠아,모음어미,False
빻다,156471,동사,빠ː타,빻으니,빠으니,모음어미,False
빻다,156471,동사,빠ː타,빻는,빤ː는,자음어미,True
빻다,156471,동사,빠ː타,빻소,빠ː쏘,자음어미,True
빼다01,441769,동사,빼ː다,빼어,빼어,모음어미,False
빼다01,441769,동사,빼ː다,빼,빼ː,축약,True
빼다01,441769,동사,빼ː다,빼니,빼ː니,자음어미,True
빼다02,163814,동사,빼ː다,빼어,빼어,모음어미,False
빼다02,163814,동사,빼ː다,빼,빼ː,축약,True
빼다02,163814,동사,빼ː다,빼니,빼ː니,자음어미,True
빼다03,163825,동사,빼ː다,빼어,빼어,모음어미,False
빼다03,163825,동사,빼ː다,빼,빼ː,축약,True
빼다03,163825,동사,빼ː다,빼니,빼ː니,자음어미,True
뺏다,441495,동사,뺃ː따,뺏어,빼서,모음어미,False
뺏다,441495,동사,뺃ː따,뺏으니,빼스니,모음어미,False
뺏다,441495,동사,뺃ː따,뺏는,뺀ː는,자음어미,True
뼘다,161586,동사,뼘ː따,뼘어,뼈ː머,모음어미,True
뼘다,161586,동사,뼘ː따,뼘으니,뼈ː므니,모음어미,True
뿜다,438496,동사,뿜ː따,뿜어,뿌ː머,모음어미,True
뿜다,438496,동사,뿜ː따,뿜으니,뿌ː므니,모음어미,True
삐다01,437711,동사,삐ː다,삐어,삐어/삐여,모음어미,False
삐다01,437711,동사,삐ː다,뼈,뼈ː,축약,True
삐다01,437711,동사,삐ː다,삐니,삐ː니,자음어미,True
삐다02,163664,동사,삐ː다,삐어,삐어/삐여,모음어미,False
삐다02,163664,동사,삐ː다,뼈,뼈ː,축약,True
삐다02,163664,동사,삐ː다,삐니,삐ː니,자음어미,True
살다01,442277,동사,살ː다,살아,사라,모음어미,False
살다01,442277,동사,살ː다,사니,사ː니,자음어미,True
살다01,442277,동사,살ː다,사오,사ː오,ㄹ탈락-오,True
살다02,174756,형용사,살ː다,살아,사라,모음어미,False
살다02,174756,형용사,살ː다,사니,사ː니,자음어미,True
살다02,174756,형용사,살ː다,사오,사ː오,ㄹ탈락-오,True
삶다,442006,동사,삼ː따,삶아,살마,모음어미,False
삶다,442006,동사,삼ː따,삶으니,살므니,모음어미,False
삶다,442006,동사,삼ː따,삶고,삼ː꼬,자음어미,True
삶다,442006,동사,삼ː따,삶는,삼ː는,자음어미,True
삶다,442006,동사,삼ː따,삶지,삼ː찌,자음어미,True
삼다01,441140,동사,삼ː따,삼아,사마,모음어미,False
삼다01,441140,동사,삼ː따,삼으니,사므니,모음어미,False
삼다02,171157,동사,삼ː따,삼아,사마,모음어미,False
삼다02,171157,동사,삼ː따,삼으니,사므니,모음어미,False
새다02,174070,동사,새ː다,새어,새어,모음어미,False
새다02,174070,동사,새ː다,새,새ː,축약,True
새다02,174070,동사,새ː다,새니,새ː니,자음어미,True
걷다02,391946,동사,걷ː따,걸어,거러,모음어미,False
걷다02,391946,동사,걷ː따,걸으니,거르니,모음어미,False
걷다02,391946,동사,걷ː따,걷는,건ː는,자음어미,True
걸다01,394758,형용사,걸ː다,걸어,거러,모음어미,False
걸다01,394758,형용사,걸ː다,거니,거ː니,자음어미,True
걸다01,394758,형용사,걸ː다,거오,거ː오,ㄹ탈락-오,True
걸다02,390587,동사,걸ː다,걸어,거러,모음어미,False
걸다02,390587,동사,걸ː다,거니,거ː니,자음어미,True
걸다02,390587,동사,걸ː다,거오,거ː오,ㄹ탈락-오,True
검다01,13648,동사,검ː따,검어,거ː머,모음어미,True
검다01,13648,동사,검ː따,검으니,거ː므니,모음어미,True
검다02,13649,형용사,검ː따,검어,거머,모음어미,False
검다02,13649,형용사,검ː따,검으니,거므니,모음어미,False
겯다01,17618,동사,겯ː따,결어,겨러,모음어미,False
겯다01,17618,동사,겯ː따,결으니,겨르니,모음어미,False
겯다01,17618,동사,겯ː따,겯는,견ː는,자음어미,True
겯다02,393233,동사,겯ː따,결어,겨러,모음어미,False
겯다02,393233,동사,겯ː따,결으니,겨르니,모음어미,False
겯다02,393233,동사,겯ː따,겯는,견ː는,자음어미,True
겯다03,15666,동사,겯ː따,결어,겨러,모음어미,False
겯다03,15666,동사,겯ː따,결으니,겨르니,모음어미,False
겯다03,15666,동사,겯ː따,겯는,견ː는,자음어미,True
설다01,448615,동사,설ː다,설어,서러,모음어미,False
설다01,448615,동사,설ː다,서니,서ː니,자음어미,True
설다01,448615,동사,설ː다,서오,서ː오,ㄹ탈락-오,True
설다02,511861,형용사,설ː다,설어,서러,모음어미,False
설다02,511861,형용사,설ː다,서니,서ː니,자음어미,True
설다02,511861,형용사,설ː다,서오,서ː오,ㄹ탈락-오,True
섧다,444728,형용사,설ː따,설워,서ː뤄,모음어미,True
섧다,444728,형용사,설ː따,설우니,서ː루니,모음어미,True
섧다,444728,형용사,설ː따,섧고,설ː꼬,자음어미,True
섧다,444728,형용사,설ː따,섧지,설ː찌,자음어미,True
세다01,443127,동사,세ː다,세어,세어,모음어미,False
세다01,443127,동사,세ː다,세,세ː,축약,True
세다01,443127,동사,세ː다,세니,세ː니,자음어미,True
세다02,186289,동사,세ː다,세어,세어,모음어미,False
세다02,186289,동사,세ː다,세,세ː,축약,True
세다02,186289,동사,세ː다,세니,세ː니,자음어미,True
세다03,443322,형용사,세ː다,세어,세어,모음어미,False
세다03,443322,형용사,세ː다,세,세ː,축약,True
세다03,443322,형용사,세ː다,세니,세ː니,자음어미,True
솔다01,190906,동사,솔ː다,솔아,소라,모음어미,False
솔다01,190906,동사,솔ː다,소니,소ː니,자음어미,True
솔다01,190906,동사,솔ː다,소오,소ː오,ㄹ탈락-오,True
솔다02,190907,동사,솔ː다,솔아,소라,모음어미,False
솔다02,190907,동사,솔ː다,소니,소ː니,자음어미,True
솔다02,190907,동사,솔ː다,소오,소ː오,ㄹ탈락-오,True
솔다03,191173,형용사,솔ː다,솔아,소라,모음어미,False
솔다03,191173,형용사,솔ː다,소니,소ː니,자음어미,True
솔다03,191173,형용사,솔ː다,소오,소ː오,ㄹ탈락-오,True
솔다04,444092,형용사,솔ː다,솔아,소라,모음어미,False
솔다04,444092,형용사,솔ː다,소니,소ː니,자음어미,True
솔다04,444092,형용사,솔ː다,소오,소ː오,ㄹ탈락-오,True
솔다05,191174,형용사,솔ː다,솔아,소라,모음어미,False
솔다05,191174,형용사,솔ː다,소니,소ː니,자음어미,True
솔다05,191174,형용사,솔ː다,소오,소ː오,ㄹ탈락-오,True
쇠다02,195104,동사,쇠ː다/쉐ː다,쇠어,쇠어/쉐여,모음어미,False
쇠다02,195104,동사,쇠ː다/쉐ː다,쇄,쇄ː,축약,True
쇠다02,195104,동사,쇠ː다/쉐ː다,쇠니,쇠ː니/쉐ː니,자음어미,True
숨다,452853,동사,숨ː따,숨어,수머,모음어미,False
숨다,452853,동사,숨ː따,숨으니,수므니,모음어미,False
쉬다01,195832,동사,쉬ː다,쉬어,쉬어/쉬여,모음어미,False
쉬다01,195832,동사,쉬ː다,쉬니,쉬ː니,자음어미,True
쉬다02,452860,동사,쉬ː다,쉬어,쉬어/쉬여,모음어미,False
쉬다02,452860,동사,쉬ː다,쉬니,쉬ː니,자음어미,True
쉬다03,450032,동사,쉬ː다,쉬어,쉬어/쉬여,모음어미,False
쉬다03,450032,동사,쉬ː다,쉬니,쉬ː니,자음어미,True
쉬다04,195833,동사,쉬ː다,쉬어,쉬어/쉬여,모음어미,False
쉬다04,195833,동사,쉬ː다,쉬니,쉬ː니,자음어미,True
쉬다05,195836,동사,쉬ː다,쉬어,쉬어/쉬여,모음어미,False
쉬다05,195836,동사,쉬ː다,쉬니,쉬ː니,자음어미,True
쉽다,449909,형용사,쉽ː따,쉬워,쉬워,모음어미,False
쉽다,449909,형용사,쉽ː따,쉬우니,쉬우니,모음어미,False
신다,208328,동사,신ː따,신어,시너,모음어미,False
신다,208328,동사,신ː따,신으니,시느니,모음어미,False
싣다,451732,동사,싣ː따,실어,시러,모음어미,False
싣다,451732,동사,싣ː따,실으니,시르니,모음어미,False
싣다,451732,동사,싣ː따,싣는,신ː는,자음어미,True
심다01,454153,동사,심ː따,심어,시머,모음어미,False
심다01,454153,동사,심ː따,심으니,시므니,모음어미,False
쌔다01,454508,동사,쌔ː다,쌔어,쌔어,모음어미,False
쌔다01,454508,동사,쌔ː다,쌔,쌔ː,축약,True
쌔다01,454508,동사,쌔ː다,쌔니,쌔ː니,자음어미,True
쌔다02,213503,동사,쌔ː다,쌔어,쌔어,모음어미,False
쌔다02,213503,동사,쌔ː다,쌔니,쌔ː니,자음어미,True
썰다01,452542,동사,썰ː다,썰어,써ː러,모음어미,True
썰다01,452542,동사,썰ː다,써니,써ː니,자음어미,True
썰다01,452542,동사,썰ː다,써오,써ː오,ㄹ탈락-오,True
썰다02,212148,동사,썰ː다,썰어,써ː러,모음어미,True
썰다02,212148,동사,썰ː다,써니,써ː니,자음어미,True
썰다02,212148,동사,썰ː다,써오,써ː오,ㄹ탈락-오,True
쏘다,454273,동사,쏘ː다,쏘아,쏘아,모음어미,False
쏘다,454273,동사,쏘ː다,쏴,쏴ː,축약,True
쏘다,454273,동사,쏘ː다,쏘니,쏘ː니,자음어미,True
쏠다,453745,동사,쏠ː다,쏠아,쏘라,모음어미,False
쏠다,453745,동사,쏠ː다,쏘니,쏘ː니,자음어미,True
쏠다,453745,동사,쏠ː다,쏘오,쏘ː오,ㄹ탈락-오,True
쐬다01,454514,동사,쐬ː다/쒜ː다,쐬어,쐬어/쒜여,모음어미,False
쐬다01,454514,동사,쐬ː다/쒜ː다,쐐,쐐ː,축약,True
쐬다01,454514,동사,쐬ː다/쒜ː다,쐬니,쐬ː니/쒜ː니,자음어미,True
쐬다02,212706,동사,쐬ː다/쒜ː다,쐬어,쐬어/쒜여,모음어미,False
쐬다02,212706,동사,쐬ː다/쒜ː다,쐐,쐐ː,축약,True
쐬다02,212706,동사,쐬ː다/쒜ː다,쐬니,쐬ː니/쒜ː니,자음어미,True
씌다02,455026,동사,씨ː다,씌어,씨어/씨여,모음어미,False
씌다02,455026,동사,씨ː다,씌니,씨ː니,자음어미,True
씌다03,210842,동사,씨ː다,씌어,씨어/씨여,모음어미,False
씌다03,210842,동사,씨ː다,씌니,씨ː니,자음어미,True
씌다04,210843,동사,씨ː다,씌어,씨어/씨여,모음어미,False
씌다04,210843,동사,씨ː다,씌니,씨ː니,자음어미,True
씌다05,455027,동사,씨ː다,씌어,씨어/씨여,모음어미,False
씌다05,455027,동사,씨ː다,씌니,씨ː니,자음어미,True
안다,456045,동사,안ː따,안아,아나,모음어미,False
안다,456045,동사,안ː따,안으니,아느니,모음어미,False
알다,213588,동사,알ː다,알아,아라,모음어미,False
알다,213588,동사,알ː다,아니,아ː니,자음어미,True
알다,213588,동사,알ː다,아오,아ː오,ㄹ탈락-오,True
앗다01,457200,동사,앋ː따,앗아,아사,모음어미,False
앗다01,457200,동사,앋ː따,앗으니,아스니,모음어미,False
앗다01,457200,동사,앋ː따,앗는,안ː는,자음어미,True
앗다02,220494,동사,앋ː따,앗아,아사,모음어미,False
앗다02,220494,동사,앋ː따,앗으니,아스니,모음어미,False
앗다02,220494,동사,앋ː따,앗는,안ː는,자음어미,True
얇다,457976,형용사,얄ː따,얇아,얄바,모음어미,False
얇다,457976,형용사,얄ː따,얇으니,얄브니,모음어미,False
얇다,457976,형용사,얄ː따,얇고,얄ː꼬,자음어미,True
얇다,457976,형용사,얄ː따,얇지,얄ː찌,자음어미,True
겹다,392077,형용사,겹ː따,겨워,겨워,모음어미,False
겹다,392077,형용사,겹ː따,겨우니,겨우니,모음어미,False
얻다01,458308,동사,얻ː따,얻어,어ː더,모음어미,True
얻다01,458308,동사,얻ː따,얻으니,어ː드니,모음어미,True
얻다01,458308,동사,얻ː따,얻는,언ː는,자음어미,True
얼다,459958,동사,얼ː다,얼어,어러,모음어미,False
얼다,459958,동사,얼ː다,어니,어ː니,자음어미,True
얼다,459958,동사,얼ː다,어오,어ː오,ㄹ탈락-오,True
없다,454741,형용사,업ː따,없어,업ː써,모음어미,True
없다,454741,형용사,업ː따,없으니,업ː쓰니,모음어미,True
없다,454741,형용사,업ː따,없고,업ː꼬,자음어미,True
없다,454741,형용사,업ː따,없는,엄ː는,자음어미,True
없다,454741,형용사,업ː따,없지,업ː찌,자음어미,True
에다01,236252,동사,에ː다,에어,에어,모음어미,False
에다01,236252,동사,에ː다,에,에ː,축약,True
에다01,236252,동사,에ː다,에니,에ː니,자음어미,True
열다01,461201,동사,열ː다,열어,여러,모음어미,False
열다01,461201,동사,열ː다,여니,여ː니,자음어미,True
열다01,461201,동사,열ː다,여오,여ː오,ㄹ탈락-오,True
열다02,464617,동사,열ː다,열어,여러,모음어미,False
열다02,464617,동사,열ː다,여니,여ː니,자음어미,True
열다02,464617,동사,열ː다,여오,여ː오,ㄹ탈락-오,True
엷다,459144,형용사,열ː따,엷어,열ː버,모음어미,True
엷다,459144,형용사,열ː따,엷으니,열ː브니,모음어미,True
엷다,459144,형용사,열ː따,엷고,열ː꼬,자음어미,True
엷다,459144,형용사,열ː따,엷지,열ː찌,자음어미,True
옮다,466112,동사,옴ː따,옮아,올마,모음어미,False
옮다,466112,동사,옴ː따,옮으니,올므니,모음어미,False
옮다,466112,동사,옴ː따,옮고,옴ː꼬,자음어미,True
옮다,466112,동사,옴ː따,옮는,옴ː는,자음어미,True
옮다,466112,동사,옴ː따,옮지,옴ː찌,자음어미,True
외다01,247761,동사,외ː다/웨ː다,외어,외어/웨여,모음어미,False
외다01,247761,동사,외ː다/웨ː다,왜,왜ː,축약,True
외다01,247761,동사,외ː다/웨ː다,외니,외ː니/웨ː니,자음어미,True
외다02,241785,동사,외ː다/웨ː다,외어,외어/웨여,모음어미,False
외다02,241785,동사,외ː다/웨ː다,왜,왜ː,축약,True
외다02,241785,동사,외ː다/웨ː다,외니,외ː니/웨ː니,자음어미,True
외다03,241786,형용사,외ː다/웨ː다,외어,외어/웨여,모음어미,False
외다03,241786,형용사,외ː다/웨ː다,왜,왜ː,축약,True
외다03,241786,형용사,외ː다/웨ː다,외니,외ː니/웨ː니,자음어미,True
울다01,465180,동사,울ː다,울어,우러,모음어미,False
울다01,465180,동사,울ː다,우니,우ː니,자음어미,True
울다01,465180,동사,울ː다,우오,우ː오,ㄹ탈락-오,True
울다02,247916,동사,울ː다,울어,우러,모음어미,False
울다02,247916,동사,울ː다,우니,우ː니,자음어미,True
울다02,247916,동사,울ː다,우오,우ː오,ㄹ탈락-오,True
웃다,464856,동사,욷ː따,웃어,우ː서,모음어미,True
웃다,464856,동사,욷ː따,웃으니,우ː스니,모음어미,True
웃다,464856,동사,욷ː따,웃는,운ː는,자음어미,True
이다02,266206,동사,이ː다,이어,이어/이여,모음어미,False
이다02,266206,동사,이ː다,여,여ː,축약,True
이다02,266206,동사,이ː다,이니,이ː니,자음어미,True
고다,390340,동사,고ː다,고아,고아,모음어미,False
고다,390340,동사,고ː다,과,과ː,축약,True
고다,390340,동사,고ː다,고니,고ː니,자음어미,True
일다01,472348,동사,일ː다,일어,이러,모음어미,False
일다01,472348,동사,일ː다,이니,이ː니,자음어미,True
일다01,472348,동사,일ː다,이오,이ː오,ㄹ탈락-오,True
일다02,265377,동사,일ː다,일어,이러,모음어미,False
일다02,265377,동사,일ː다,이니,이ː니,자음어미,True
일다02,265377,동사,일ː다,이오,이ː오,ㄹ탈락-오,True
잇다01,471374,동사,읻ː따,이어,이어,모음어미,False
잇다01,471374,동사,읻ː따,이으니,이으니,모음어미,False
잇다01,471374,동사,읻ː따,잇는,인ː는,자음어미,True
작다01,476004,형용사,작ː따,작아,자ː가,모음어미,True
작다01,476004,형용사,작ː따,작으니,자ː그니,모음어미,True
잣다02,476263,동사,잗ː따,자아,자아,모음어미,False
잣다02,476263,동사,잗ː따,자으니,자으니,모음어미,False
잣다02,476263,동사,잗ː따,잣는,잔ː는,자음어미,True
재다01,474681,동사,재ː다,재어,재어,모음어미,False
재다01,474681,동사,재ː다,재,재ː,축약,True
재다01,474681,동사,재ː다,재니,재ː니,자음어미,True
재다02,474682,동사,재ː다,재어,재어,모음어미,False
재다02,474682,동사,재ː다,재,재ː,축약,True
재다02,474682,동사,재ː다,재니,재ː니,자음어미,True
재다03,282477,동사,재ː다,재어,재어,모음어미,False
재다03,282477,동사,재ː다,재,재ː,축약,True
재다03,282477,동사,재ː다,재니,재ː니,자음어미,True
재다04,282478,동사,재ː다,재어,재어,모음어미,False
재다04,282478,동사,재ː다,재,재ː,축약,True
재다04,282478,동사,재ː다,재니,재ː니,자음어미,True
재다05,282788,형용사,재ː다,재어,재어,모음어미,False
재다05,282788,형용사,재ː다,재,재ː,축약,True
재다05,282788,형용사,재ː다,재니,재ː니,자음어미,True
적다02,281571,형용사,적ː따,적어,저ː거,모음어미,True
적다02,281571,형용사,적ː따,적으니,저ː그니,모음어미,True
절다01,477978,동사,절ː다,절어,저러,모음어미,False
절다01,477978,동사,절ː다,저니,저ː니,자음어미,True
절다01,477978,동사,절ː다,저오,저ː오,ㄹ탈락-오,True
절다02,286194,동사,절ː다,절어,저러,모음어미,False
절다02,286194,동사,절ː다,저니,저ː니,자음어미,True
절다02,286194,동사,절ː다,저오,저ː오,ㄹ탈락-오,True
젊다,479139,형용사,점ː따,젊어,절머,모음어미,False
젊다,479139,형용사,점ː따,젊으니,절므니,모음어미,False
젊다,479139,형용사,점ː따,젊고,점ː꼬,자음어미,True
젊다,479139,형용사,점ː따,젊지,점ː찌,자음어미,True
젓다,479557,동사,젇ː따,저어,저어,모음어미,False
젓다,479557,동사,젇ː따,저으니,저으니,모음어미,False
젓다,479557,동사,젇ː따,젓는,전ː는,자음어미,True
조다,291790,동사,조ː다,조아,조아,모음어미,False
조다,291790,동사,조ː다,좌,좌ː,축약,True
조다,291790,동사,조ː다,조니,조ː니,자음어미,True
졸다01,485345,동사,졸ː다,졸아,조라,모음어미,False
졸다01,485345,동사,졸ː다,조니,조ː니,자음어미,True
졸다01,485345,동사,졸ː다,조오,조ː오,ㄹ탈락-오,True
졸다02,304073,동사,졸ː다,졸아,조라,모음어미,False
졸다02,304073,동사,졸ː다,조니,조ː니,자음어미,True
졸다02,304073,동사,졸ː다,조오,조ː오,ㄹ탈락-오,True
좋다,302141,형용사,조ː타,좋아,조ː아,모음어미,True
좋다,302141,형용사,조ː타,좋으니,조ː으니,모음어미,True
좋다,302141,형용사,조ː타,좋소,조ː쏘,자음어미,True
죄다01,481757,동사,죄ː다/줴ː다,죄어,죄어/줴여,모음어미,False
죄다01,481757,동사,죄ː다/줴ː다,좨,좨ː,축약,True
죄다01,481757,동사,죄ː다/줴ː다,죄니,죄ː니/줴ː니,자음어미,True
줄다,488714,동사,줄ː다,줄어,주러,모음어미,False
줄다,488714,동사,줄ː다,주니,주ː니,자음어미,True
줄다,488714,동사,줄ː다,주오,주ː오,ㄹ탈락-오,True
줍다,480859,동사,줍ː따,주워,주워,모음어미,False
줍다,480859,동사,줍ː따,주우니,주우니,모음어미,False
줍다,480859,동사,줍ː따,줍는,줌ː는,자음어미,True
골다,392061,동사,골ː다,골아,고라,모음어미,False
골다,392061,동사,골ː다,고니,고ː니,자음어미,True
골다,392061,동사,골ː다,고오,고ː오,ㄹ탈락-오,True
곪다,397327,동사,곰ː따,곪아,골마,모음어미,False
곪다,397327,동사,곰ː따,곪으니,골므니,모음어미,False
곪다,397327,동사,곰ː따,곪고,곰ː꼬,자음어미,True
곪다,397327,동사,곰ː따,곪는,곰ː는,자음어미,True
곪다,397327,동사,곰ː따,곪지,곰ː찌,자음어미,True
곱다02,394919,형용사,곱ː따,고와,고와,모음어미,False
곱다02,394919,형용사,곱ː따,고우니,고우니,모음어미,False
쥐다01,483502,동사,쥐ː다,쥐어,쥐어/쥐여,모음어미,False
쥐다01,483502,동사,쥐ː다,쥐니,쥐ː니,자음어미,True
짓다01,486065,동사,짇ː따,지어,지어,모음어미,False
짓다01,486065,동사,짇ː따,지으니,지으니,모음어미,False
짓다01,486065,동사,짇ː따,짓는,진ː는,자음어미,True
짓다02,321955,동사,짇ː따,지어,지어,모음어미,False
짓다02,321955,동사,짇ː따,지으니,지으니,모음어미,False
짓다02,321955,동사,짇ː따,짓는,진ː는,자음어미,True
짓다03,321956,동사,짇ː따,지어,지어,모음어미,False
짓다03,321956,동사,짇ː따,지으니,지으니,모음어미,False
짓다03,321956,동사,짇ː따,짓는,진ː는,자음어미,True
째다01,315177,동사,째ː다,째어,째어,모음어미,False
째다01,315177,동사,째ː다,째,째ː,축약,True
째다01,315177,동사,째ː다,째니,째ː니,자음어미,True
째다02,490845,동사,째ː다,째어,째어,모음어미,False
째다02,490845,동사,째ː다,째,째ː,축약,True
째다02,490845,동사,째ː다,째니,째ː니,자음어미,True
째다03,315178,동사,째ː다,째어,째어,모음어미,False
째다03,315178,동사,째ː다,째니,째ː니,자음어미,True
째다04,320548,동사,째ː다,째어,째어,모음어미,False
째다04,320548,동사,째ː다,째,째ː,축약,True
째다04,320548,동사,째ː다,째니,째ː니,자음어미,True
째다05,320549,동사,째ː다,째어,째어,모음어미,False
째다05,320549,동사,째ː다,째,째ː,축약,True
째다05,320549,동사,째ː다,째니,째ː니,자음어미,True
쪼다02,323761,동사,쪼ː다,쪼아,쪼아,모음어미,False
쪼다02,323761,동사,쪼ː다,쫘,쫘ː,축약,True
쪼다02,323761,동사,쪼ː다,쪼니,쪼ː니,자음어미,True
쬐다01,490265,동사,쬐ː다/쮀ː다,쬐어,쬐어/쮀여,모음어미,False
쬐다01,490265,동사,쬐ː다/쮀ː다,쫴,쫴ː,축약,True
쬐다01,490265,동사,쬐ː다/쮀ː다,쬐니,쬐ː니/쮀ː니,자음어미,True
쬐다02,318740,동사,쬐ː다/쮀ː다,쬐어,쬐어/쮀여,모음어미,False
쬐다02,318740,동사,쬐ː다/쮀ː다,쫴,쫴ː,축약,True
쬐다02,318740,동사,쬐ː다/쮀ː다,쬐니,쬐ː니/쮀ː니,자음어미,True
찌다02,320277,동사,찌ː다,찌어,찌ː어/찌ː여,모음어미,True
찌다02,320277,동사,찌ː다,쪄,쩌ː,축약,True
찌다02,320277,동사,찌ː다,찌니,찌ː니,자음어미,True
참다,488018,동사,참ː따,참아,차마,모음어미,False
참다,488018,동사,참ː따,참으니,차므니,모음어미,False
채다02,486553,동사,채ː다,채어,채어,모음어미,False
채다02,486553,동사,채ː다,채니,채ː니,자음어미,True
취다,332975,동사,취ː다,취어,취어/취여,모음어미,False
취다,332975,동사,취ː다,취니,취ː니,자음어미,True
캐다,340455,동사,캐ː다,캐어,캐어,모음어미,False
캐다,340455,동사,캐ː다,캐,캐ː,축약,True
캐다,340455,동사,캐ː다,캐니,캐ː니,자음어미,True
키다01,345104,동사,키ː다,키어,키어/키여,모음어미,False
키다01,345104,동사,키ː다,켜,켜ː,축약,True
키다01,345104,동사,키ː다,키니,키ː니,자음어미,True
털다,497290,동사,털ː다,털어,터러,모음어미,False
털다,497290,동사,털ː다,터니,터ː니,자음어미,True
털다,497290,동사,털ː다,터오,터ː오,ㄹ탈락-오,True
틔다,495261,동사,티ː다,틔어,티어/티여,모음어미,False
틔다,495261,동사,티ː다,틔니,티ː니,자음어미,True
괄다,398208,형용사,괄ː다,괄아,과라,모음어미,False
괄다,398208,형용사,괄ː다,과니,과ː니,자음어미,True
괄다,398208,형용사,괄ː다,과오,과ː오,ㄹ탈락-오,True
괠다,35095,형용사,괠ː다,괠어,괘러,모음어미,False
괠다,35095,형용사,괠ː다,괘니,괘ː니,자음어미,True
괠다,35095,형용사,괠ː다,괘오,괘ː오,ㄹ탈락-오,True
괴다01,33581,동사,괴ː다/궤ː다,괴어,괴어/궤여,모음어미,False
괴다01,33581,동사,괴ː다/궤ː다,괘,괘ː,축약,True
괴다01,33581,동사,괴ː다/궤ː다,괴니,괴ː니/궤ː니,자음어미,True
괴다02,398673,동사,괴ː다/궤ː다,괴어,괴어/궤여,모음어미,False
괴다02,398673,동사,괴ː다/궤ː다,괘,괘ː,축약,True
괴다02,398673,동사,괴ː다/궤ː다,괴니,괴ː니/궤ː니,자음어미,True
괴다03,33582,동사,괴ː다/궤ː다,괴어,괴어/궤여,모음어미,False
괴다03,33582,동사,괴ː다/궤ː다,괘,괘ː,축약,True
괴다03,33582,동사,괴ː다/궤ː다,괴니,괴ː니/궤ː니,자음어미,True
괴다04,398674,동사,괴ː다/궤ː다,괴어,괴어/궤여,모음어미,False
괴다04,398674,동사,괴ː다/궤ː다,괘,괘ː,축약,True
괴다04,398674,동사,괴ː다/궤ː다,괴니,괴ː니/궤ː니,자음어미,True
패다04,498267,동사,패ː다,패어,패어,모음어미,False
패다04,498267,동사,패ː다,패,패ː,축약,True
패다04,498267,동사,패ː다,패니,패ː니,자음어미,True
패다05,351295,동사,패ː다,패어,패어,모음어미,False
패다05,351295,동사,패ː다,패니,패ː니,자음어미,True
패다06,498268,동사,패ː다,패어,패어,모음어미,False
패다06,498268,동사,패ː다,패,패ː,축약,True
패다06,498268,동사,패ː다,패니,패ː니,자음어미,True
패다07,351296,동사,패ː다,패어,패어,모음어미,False
패다07,351296,동사,패ː다,패,패ː,축약,True
패다07,351296,동사,패ː다,패니,패ː니,자음어미,True
폐다,499987,동사,폐ː다/페ː다,폐어,폐어/페여,모음어미,False
폐다,499987,동사,폐ː다/페ː다,폐니,폐ː니/페ː니,자음어미,True
품다01,499901,동사,품ː따,품어,푸머,모음어미,False
품다01,499901,동사,품ː따,품으니,푸므니,모음어미,False
헐다01,501402,동사,헐ː다,헐어,허러,모음어미,False
헐다01,501402,동사,헐ː다,허니,허ː니,자음어미,True
헐다01,501402,동사,헐ː다,허오,허ː오,ㄹ탈락-오,True
헐다02,372583,동사,헐ː다,헐어,허러,모음어미,False
헐다02,372583,동사,헐ː다,허니,허ː니,자음어미,True
헐다02,372583,동사,헐ː다,허오,허ː오,ㄹ탈락-오,True
헐다03,373208,동사,헐ː다,헐어,허러,모음어미,False
헐다03,373208,동사,헐ː다,허니,허ː니,자음어미,True
헐다03,373208,동사,헐ː다,허오,허ː오,ㄹ탈락-오,True
헤다01,504395,동사,헤ː다,헤어,헤어,모음어미,False
헤다01,504395,동사,헤ː다,헤,헤ː,축약,True
헤다01,504395,동사,헤ː다,헤니,헤ː니,자음어미,True
헤다02,372185,동사,헤ː다,헤어,헤어,모음어미,False
헤다02,372185,동사,헤ː다,헤,헤ː,축약,True
헤다02,372185,동사,헤ː다,헤니,헤ː니,자음어미,True
헤다03,372186,동사,헤ː다,헤어,헤어,모음어미,False
헤다03,372186,동사,헤ː다,헤,헤ː,축약,True
헤다03,372186,동사,헤ː다,헤니,헤ː니,자음어미,True
호다,504803,동사,호ː다,호아,호아,모음어미,False
호다,504803,동사,호ː다,화,화ː,축약,True
호다,504803,동사,호ː다,호니,호ː니,자음어미,True
굴다01,397028,동사,굴ː다,굴어,구러,모음어미,False
굴다01,397028,동사,굴ː다,구니,구ː니,자음어미,True
굴다01,397028,동사,굴ː다,구오,구ː오,ㄹ탈락-오,True
굴다02,40553,동사,굴ː다,구니,구ː니,자음어미,True
굵다,397477,형용사,국ː따,굵어,굴ː거,모음어미,True
굵다,397477,형용사,국ː따,굵으니,굴ː그니,모음어미,True
굵다,397477,형용사,국ː따,굵고,굴ː꼬,자음어미,True
굵다,397477,형용사,국ː따,굵지,국ː찌,자음어미,True
굶다,397461,동사,굼ː따,굶어,굴머,모음어미,False
굶다,397461,동사,굼ː따,굶으니,굴므니,모음어미,False
굶다,397461,동사,굼ː따,굶고,굼ː꼬,자음어미,True
굶다,397461,동사,굼ː따,굶는,굼ː는,자음어미,True
굶다,397461,동사,굼ː따,굶지,굼ː찌,자음어미,True
굽다01,400649,동사,굽ː따,구워,구워,모음어미,False
굽다01,400649,동사,굽ː따,구우니,구우니,모음어미,False
굽다01,400649,동사,굽ː따,굽는,굼ː는,자음어미,True
굽다03,42194,동사,굽ː따,구워,구워,모음어미,False
굽다03,42194,동사,굽ː따,구우니,구우니,모음어미,False
굽다03,42194,동사,굽ː따,굽는,굼ː는,자음어미,True
글다,46686,동사,글ː다,글어,그러,모음어미,False
글다,46686,동사,글ː다,그니,그ː니,자음어미,True
글다,46686,동사,글ː다,그오,그ː오,ㄹ탈락-오,True
긋다01,405041,동사,귿ː따,그어,그어,모음어미,False
긋다01,405041,동사,귿ː따,그으니,그으니,모음어미,False
긋다01,405041,동사,귿ː따,긋는,근ː는,자음어미,True
긋다02,402670,동사,귿ː따,그어,그어,모음어미,False
긋다02,402670,동사,귿ː따,그으니,그으니,모음어미,False
긋다02,402670,동사,귿ː따,긋는,근ː는,자음어미,True
기다02,49446,동사,기ː다,기어,기어/기여,모음어미,False
기다02,49446,동사,기ː다,겨,겨ː,축약,True
기다02,49446,동사,기ː다,기니,기ː니,자음어미,True
긷다,52801,동사,긷ː따,길어,기러,모음어미,False
긷다,52801,동사,긷ː따,길으니,기르니,모음어미,False
긷다,52801,동사,긷ː따,긷는,긴ː는,자음어미,True
길다01,48351,동사,길ː다,길어,기러,모음어미,False
길다01,48351,동사,길ː다,기니,기ː니,자음어미,True
길다01,48351,동사,길ː다,기오,기ː오,ㄹ탈락-오,True
길다02,401753,형용사,길ː다,길어,기러,모음어미,False
길다02,401753,형용사,길ː다,기니,기ː니,자음어미,True
길다02,401753,형용사,길ː다,기오,기ː오,ㄹ탈락-오,True
깁다,400459,동사,깁ː따,기워,기워,모음어미,False
깁다,400459,동사,깁ː따,기우니,기우니,모음어미,False
깁다,400459,동사,깁ː따,깁는,김ː는,자음어미,True
깜다,405171,형용사,깜ː따,깜아,까ː마,모음어미,True
깜다,405171,형용사,깜ː따,깜으니,까ː므니,모음어미,True
깨다01,403997,동사,깨ː다,깨어,깨어,모음어미,False
깨다01,403997,동사,깨ː다,깨,깨ː,축약,True
깨다01,403997,동사,깨ː다,깨니,깨ː니,자음어미,True
깨다03,54686,동사,깨ː다,깨어,깨어,모음어미,False
깨다03,54686,동사,깨ː다,깨,깨ː,축약,True
깨다03,54686,동사,깨ː다,깨니,깨ː니,자음어미,True
깨다04,54687,동사,깨ː다,깨어,깨어,모음어미,False
깨다04,54687,동사,깨ː다,깨니,깨ː니,자음어미,True
깨다05,54688,동사,깨ː다,깨어,깨어,모음어미,False
깨다05,54688,동사,깨ː다,깨,깨ː,축약,True
깨다05,54688,동사,깨ː다,깨니,깨ː니,자음어미,True
껌다,54138,형용사,껌ː따,껌어,꺼ː머,모음어미,True
껌다,54138,형용사,껌ː따,껌으니,꺼ː므니,모음어미,True
꼬다,404218,동사,꼬ː다,꼬아,꼬아,모음어미,False
꼬다,404218,동사,꼬ː다,꽈,꽈ː,축약,True
꼬다,404218,동사,꼬ː다,꼬니,꼬ː니,자음어미,True
꾀다01,404071,동사,꾀ː다/꿰ː다,꾀어,꾀어/꿰여,모음어미,False
꾀다01,404071,동사,꾀ː다/꿰ː다,꽤,꽤ː,축약,True
꾀다01,404071,동사,꾀ː다/꿰ː다,꾀니,꾀ː니/꿰ː니,자음어미,True
꾀다02,55980,동사,꾀ː다/꿰ː다,꾀어,꾀어/꿰여,모음어미,False
꾀다02,55980,동사,꾀ː다/꿰ː다,꽤,꽤ː,축약,True
꾀다02,55980,동사,꾀ː다/꿰ː다,꾀니,꾀ː니/꿰ː니,자음어미,True
꾀다03,55981,동사,꾀ː다/꿰ː다,꾀어,꾀어/꿰여,모음어미,False
꾀다03,55981,동사,꾀ː다/꿰ː다,꽤,꽤ː,축약,True
꾀다03,55981,동사,꾀ː다/꿰ː다,꾀니,꾀ː니/꿰ː니,자음어미,True
꿰다,405688,동사,꿰ː다,꿰어,꿰어,모음어미,False
꿰다,405688,동사,꿰ː다,꿰,꿰ː,축약,True
꿰다,405688,동사,꿰ː다,꿰니,꿰ː니,자음어미,True
뀌다01,57851,동사,뀌ː다,뀌어,뀌어/뀌여,모음어미,False
뀌다01,57851,동사,뀌ː다,뀌니,뀌ː니,자음어미,True
뀌다02,57852,동사,뀌ː다,뀌어,뀌어/뀌여,모음어미,False
뀌다02,57852,동사,뀌ː다,뀌니,뀌ː니,자음어미,True
뀌다03,57825,동사,뀌ː다,뀌어,뀌어/뀌여,모음어미,False
뀌다03,57825,동사,뀌ː다,뀌니,뀌ː니,자음어미,True
끌다,403617,동사,끌ː다,끌어,끄ː러,모음어미,True
끌다,403617,동사,끌ː다,끄니,끄ː니,자음어미,True
끌다,403617,동사,끌ː다,끄오,끄ː오,ㄹ탈락-오,True
끗다,56887,동사,끋ː따,끄어,끄어,모음어미,False
끗다,56887,동사,끋ː따,끄으니,끄으니,모음어미,False
끗다,56887,동사,끋ː따,끗는,끈ː는,자음어미,True
끼다01,405754,동사,끼ː다,끼어,끼어/끼여,모음어미,False
끼다01,405754,동사,끼ː다,껴,껴ː,축약,True
끼다01,405754,동사,끼ː다,끼니,끼ː니,자음어미,True
끼다02,404652,동사,끼ː다,끼어,끼어/끼여,모음어미,False
끼다02,404652,동사,끼ː다,껴,껴ː,축약,True
끼다02,404652,동사,끼ː다,끼니,끼ː니,자음어미,True
남다,403601,동사,남ː따,남아,나마,모음어미,False
남다,403601,동사,남ː따,남으니,나므니,모음어미,False
낫다01,403928,동사,낟ː따,나아,나아,모음어미,False
낫다01,403928,동사,낟ː따,나으니,나으니,모음어미,False
낫다01,403928,동사,낟ː따,낫는,난ː는,자음어미,True
낫다02,61560,형용사,낟ː따,나아,나아,모음어미,False
낫다02,61560,형용사,낟ː따,나으니,나으니,모음어미,False
낳다01,405847,동사,나ː타,낳아,나아,모음어미,False
낳다01,405847,동사,나ː타,낳으니,나으니,모음어미,False
낳다01,405847,동사,나ː타,낳는,난ː는,자음어미,True
내다01,61404,동사,내ː다,내어,내어,모음어미,False
내다01,61404,동사,내ː다,내,내ː,축약,True
내다01,61404,동사,내ː다,내니,내ː니,자음어미,True
내다02,61405,동사/보조 동사,내ː다,내어,내어,모음어미,False
내다02,61405,동사/보조 동사,내ː다,내,내ː,축약,True
내다02,61405,동사/보조 동사,내ː다,내니,내ː니,자음어미,True
널다01,66486,동사,널ː다,널어,너러,모음어미,False
널다01,66486,동사,널ː다,너니,너ː니,자음어미,True
널다01,66486,동사,널ː다,너오,너ː오,ㄹ탈락-오,True
널다02,66487,동사,널ː다,널어,너러,모음어미,False
널다02,66487,동사,널ː다,너니,너ː니,자음어미,True
널다02,66487,동사,널ː다,너오,너ː오,ㄹ탈락-오,True
넘다,411046,동사,넘ː따,넘어,너머,모음어미,False
넘다,411046,동사,넘ː따,넘으니,너므니,모음어미,False
넣다,406793,동사,너ː타,넣어,너어,모음어미,False
넣다,406793,동사,너ː타,넣으니,너으니,모음어미,False
넣다,406793,동사,너ː타,넣는,넌ː는,자음어미,True
넣다,406793,동사,너ː타,넣소,너ː쏘,자음어미,True
놀다01,406495,동사,놀ː다,놀아,노라,모음어미,False
놀다01,406495,동사,놀ː다,노니,노ː니,자음어미,True
놀다01,406495,동사,놀ː다,노오,노ː오,ㄹ탈락-오,True
놀다02,68520,형용사,놀ː다,놀아,노라,모음어미,False
놀다02,68520,형용사,놀ː다,노니,노ː니,자음어미,True
놀다02,68520,형용사,놀ː다,노오,노ː오,ㄹ탈락-오,True
뇌다01,406693,동사,뇌ː다/눼ː다,뇌어,뇌어/눼여,모음어미,False
뇌다01,406693,동사,뇌ː다/눼ː다,놰,놰ː,축약,True
뇌다01,406693,동사,뇌ː다/눼ː다,뇌니,뇌ː니/눼ː니,자음어미,True
뇌다02,70868,동사,뇌ː다/눼ː다,뇌어,뇌어/눼여,모음어미,False
뇌다02,70868,동사,뇌ː다/눼ː다,놰,놰ː,축약,True
뇌다02,70868,동사,뇌ː다/눼ː다,뇌니,뇌ː니/눼ː니,자음어미,True
뇌다03,409261,동사,뇌ː다/눼ː다,뇌어,뇌어/눼여,모음어미,False
뇌다03,409261,동사,뇌ː다/눼ː다,놰,놰ː,축약,True
뇌다03,409261,동사,뇌ː다/눼ː다,뇌니,뇌ː니/눼ː니,자음어미,True
눋다,409454,동사,눋ː따,눌어,누러,모음어미,False
눋다,409454,동사,눋ː따,눌으니,누르니,모음어미,False
눋다,409454,동사,눋ː따,눋는,눈ː는,자음어미,True
눕다01,410143,동사,눕ː따,누워,누워,모음어미,False
눕다01,410143,동사,눕ː따,누우니,누우니,모음어미,False
눕다01,410143,동사,눕ː따,눕는,눔ː는,자음어미,True
눕다02,69397,동사,눕ː따,누워,누워,모음어미,False
눕다02,69397,동사,눕ː따,누우니,누우니,모음어미,False
눕다02,69397,동사,눕ː따,눕는,눔ː는,자음어미,True
눕다03,69453,동사,눕ː따,누워,누워,모음어미,False
눕다03,69453,동사,눕ː따,누우니,누우니,모음어미,False
눕다03,69453,동사,눕ː따,눕는,눔ː는,자음어미,True
뉘다01,407000,동사,뉘ː다,뉘어,뉘어/뉘여,모음어미,False
뉘다01,407000,동사,뉘ː다,뉘니,뉘ː니,자음어미,True
뉘다02,70414,동사,뉘ː다,뉘어,뉘어/뉘여,모음어미,False
뉘다02,70414,동사,뉘ː다,뉘니,뉘ː니,자음어미,True
뉘다03,70544,동사,뉘ː다,뉘어,뉘어/뉘여,모음어미,False
뉘다03,70544,동사,뉘ː다,뉘니,뉘ː니,자음어미,True
뉘다04,70545,동사,뉘ː다,뉘어,뉘어/뉘여,모음어미,False
뉘다04,70545,동사,뉘ː다,뉘니,뉘ː니,자음어미,True
뉘다05,403090,동사,뉘ː다,뉘어,뉘어/뉘여,모음어미,False
뉘다05,403090,동사,뉘ː다,뉘니,뉘ː니,자음어미,True
달다01,413242,동사,달ː다,달아,다라,모음어미,False
달다01,413242,동사,달ː다,다니,다ː니,자음어미,True
달다01,413242,동사,달ː다,다오,다ː오,ㄹ탈락-오,True
달다02,77246,동사,달ː다,달아,다라,모음어미,False
달다02,77246,동사,달ː다,다니,다ː니,자음어미,True
달다02,77246,동사,달ː다,다오,다ː오,ㄹ탈락-오,True
닮다,413530,동사,담ː따,닮아,달마,모음어미,False
닮다,413530,동사,담ː따,닮으니,달므니,모음어미,False
닮다,413530,동사,담ː따,닮고,담ː꼬,자음어미,True
닮다,413530,동사,담ː따,닮는,담ː는,자음어미,True
닮다,413530,동사,담ː따,닮지,담ː찌,자음어미,True
담다,413990,동사,담ː따,담아,다마,모음어미,False
담다,413990,동사,담ː따,담으니,다므니,모음어미,False
닿다01,411389,동사,다ː타,닿아,다아,모음어미,False
닿다01,411389,동사,다ː타,닿으니,다으니,모음어미,False
닿다01,411389,동사,다ː타,닿는,단ː는,자음어미,True
닿다01,411389,동사,다ː타,닿소,다ː쏘,자음어미,True
대다01,80022,동사/보조 동사,대ː다,대어,대어,모음어미,False
대다01,80022,동사/보조 동사,대ː다,대,대ː,축약,True
대다01,80022,동사/보조 동사,대ː다,대니,대ː니,자음어미,True
덜다,412339,동사,덜ː다,덜어,더러,모음어미,False
덜다,412339,동사,덜ː다,더니,더ː니,자음어미,True
덜다,412339,동사,덜ː다,더오,더ː오,ㄹ탈락-오,True
덥다,82983,형용사,덥ː따,더워,더워,모음어미,False
덥다,82983,형용사,덥ː따,더우니,더우니,모음어미,False
데다01,83819,동사,데ː다,데어,데어,모음어미,False
데다01,83819,동사,데ː다,데,데ː,축약,True
데다01,83819,동사,데ː다,데니,데ː니,자음어미,True
